{"cameraMode":{"drawMode":0,"name":"Shaded","section":"Shading Mode"},"sceneLighting":false,"audioPlay":false,"sceneViewState":{"showFog":true,"showMaterialUpdate":false,"showSkybox":true,"showFlares":true,"showImageEffects":true,"showParticleSystems":true},"in2DMode":false,"pivot":{"x":53.14374542236328,"y":5.911506175994873,"z":26.549997329711915},"rotation":{"x":-0.06639253348112107,"y":0.9331537485122681,"z":-0.2343153953552246,"w":-0.2646191120147705},"size":20.274948120117189,"orthographic":false}