{"cameraMode":{"drawMode":0,"name":"Shaded","section":"Shading Mode"},"sceneLighting":false,"audioPlay":false,"sceneViewState":{"showFog":true,"showMaterialUpdate":false,"showSkybox":true,"showFlares":true,"showImageEffects":true,"showParticleSystems":true},"in2DMode":false,"pivot":{"x":1.1920928955078126e-7,"y":1.3734384775161744,"z":-16.177379608154298},"rotation":{"x":0.060293763875961307,"y":-0.5920714139938355,"z":-0.04448774456977844,"w":-0.802402913570404},"size":9.356246948242188,"orthographic":false}